population_subgroup,outcome,analysis_group,muscle,term,type,estimate,std.error,statistic,p.value,conf.low,conf.high,i.squared,h.squared,tau.squared,tau.squared.se,cochran.qe,p.value.cochran.qe,cochran.qm,p.value.cochran.qm,df.residual,logLik,deviance,AIC,BIC,AICc,nobs,pi.lb,pi.ub
OA,worsening JSN/OA,whole tf,quad,overall,summary,1.0892769285798838,0.1884531215084939,0.45376859324547,0.6499953908863674,0.7528816588527727,1.575977065166429,19.8342628049845,1.2474157102395829,0.028235392835051245,0.11594319286738267,3.4968567224344405,0.3211700222474586,0.20590593621597278,0.6499953908863673,3,-1.2132733139690575,2.426546627938115,6.426546627938115,4.623771205274334,18.426546627938116,4,0.6640801483857204,1.7867184104519438
risk of OA,worsening JSN/OA,whole tf,quad,overall,summary,1.3733464728393057,0.13620844564386952,2.3291539724230828,0.01985091028510641,1.0515726382742068,1.7935808386527736,68.15083631884426,3.1397998704489427,0.06039227499835806,0.06519473129258141,11.712726435829122,0.019620387791787156,5.424958227254227,0.019850910285106375,4,-1.006020231893729,2.012040463787458,6.012040463787458,4.784629186027239,18.012040463787457,5,0.791802181242965,2.3820097735767876
OA or risk of OA,worsening JSN/OA,whole tf,quad,overall,summary,1.2290829873889386,0.19971355918221495,1.0328209735412122,0.3016876866933489,0.8309687994684994,1.8179322627457852,82.31668582813312,5.655048540566797,0.06573335815496668,0.11293093941752326,5.655048540566799,0.017405192838049536,1.0667191633866173,0.30168768669334883,1,-0.15516233671536506,0.3103246734307301,4.31032467343073,0.3103246734307301,16.31032467343073,2,0.6500529618454567,2.3238798660347584
